source,sensor,satellite,product_version,latitude,longitude,acquired_at_utc,date_utc,daynight,confidence_raw,frp_raw,scan_raw,track_raw,grid_x,grid_y,cell_id,source_file
VIIRS_SNPP_NRT,VIIRS,N,2.0NRT,32.51311,-115.10508,2023-07-12T08:24:00Z,2023-07-12,N,n,6.57,0.78,0.78,-1023,428,-1023_428,VIIRS_SNPP_NRT_2023-07-12_1.csv
VIIRS_SNPP_NRT,VIIRS,N,2.0NRT,32.51333,-115.11377,2023-07-12T08:24:00Z,2023-07-12,N,n,6.57,0.78,0.78,-1023,428,-1023_428,VIIRS_SNPP_NRT_2023-07-12_1.csv
VIIRS_SNPP_NRT,VIIRS,N,2.0NRT,40.82139,-114.25598,2023-07-12T10:02:00Z,2023-07-12,N,n,2.4,0.41,0.45,-1015,521,-1015_521,VIIRS_SNPP_NRT_2023-07-12_1.csv
VIIRS_SNPP_NRT,VIIRS,N,2.0NRT,39.62089,-119.26271,2023-07-12T10:02:00Z,2023-07-12,N,n,1.44,0.42,0.37,-1060,508,-1060_508,VIIRS_SNPP_NRT_2023-07-12_1.csv
VIIRS_SNPP_NRT,VIIRS,N,2.0NRT,40.73525,-122.32384,2023-07-12T10:02:00Z,2023-07-12,N,n,0.65,0.39,0.36,-1087,520,-1087_520,VIIRS_SNPP_NRT_2023-07-12_1.csv
VIIRS_SNPP_NRT,VIIRS,N,2.0NRT,32.51276,-115.10869,2023-07-12T10:04:00Z,2023-07-12,N,n,3.19,0.57,0.52,-1023,428,-1023_428,VIIRS_SNPP_NRT_2023-07-12_1.csv
VIIRS_SNPP_NRT,VIIRS,N,2.0NRT,32.29615,-116.31342,2023-07-12T10:04:00Z,2023-07-12,N,n,2.86,0.49,0.49,-1033,426,-1033_426,VIIRS_SNPP_NRT_2023-07-12_1.csv
VIIRS_SNPP_NRT,VIIRS,N,2.0NRT,32.29725,-116.31847,2023-07-12T10:04:00Z,2023-07-12,N,n,2.27,0.49,0.49,-1033,426,-1033_426,VIIRS_SNPP_NRT_2023-07-12_1.csv
VIIRS_SNPP_NRT,VIIRS,N,2.0NRT,32.29923,-116.31612,2023-07-12T10:04:00Z,2023-07-12,N,n,4.12,0.49,0.49,-1033,426,-1033_426,VIIRS_SNPP_NRT_2023-07-12_1.csv
VIIRS_SNPP_NRT,VIIRS,N,2.0NRT,32.27176,-116.37299,2023-07-12T10:04:00Z,2023-07-12,N,n,1.29,0.49,0.49,-1034,425,-1034_425,VIIRS_SNPP_NRT_2023-07-12_1.csv
VIIRS_SNPP_NRT,VIIRS,N,2.0NRT,32.27609,-116.37148,2023-07-12T10:04:00Z,2023-07-12,N,n,1.17,0.49,0.49,-1034,425,-1034_425,VIIRS_SNPP_NRT_2023-07-12_1.csv
VIIRS_SNPP_NRT,VIIRS,N,2.0NRT,32.55661,-116.50179,2023-07-12T10:04:00Z,2023-07-12,N,n,1.02,0.48,0.48,-1035,429,-1035_429,VIIRS_SNPP_NRT_2023-07-12_1.csv
VIIRS_SNPP_NRT,VIIRS,N,2.0NRT,32.49298,-116.79979,2023-07-12T10:04:00Z,2023-07-12,N,n,1.95,0.46,0.47,-1038,428,-1038_428,VIIRS_SNPP_NRT_2023-07-12_1.csv
VIIRS_SNPP_NRT,VIIRS,N,2.0NRT,32.49725,-116.79857,2023-07-12T10:04:00Z,2023-07-12,N,n,0.97,0.46,0.47,-1038,428,-1038_428,VIIRS_SNPP_NRT_2023-07-12_1.csv
VIIRS_SNPP_NRT,VIIRS,N,2.0NRT,34.35262,-116.85373,2023-07-12T10:04:00Z,2023-07-12,N,n,1.34,0.42,0.45,-1038,450,-1038_450,VIIRS_SNPP_NRT_2023-07-12_1.csv
VIIRS_SNPP_NRT,VIIRS,N,2.0NRT,32.59871,-117.01244,2023-07-12T10:04:00Z,2023-07-12,N,n,0.85,0.45,0.47,-1040,429,-1040_429,VIIRS_SNPP_NRT_2023-07-12_1.csv
VIIRS_SNPP_NRT,VIIRS,N,2.0NRT,34.62059,-117.10072,2023-07-12T10:04:00Z,2023-07-12,N,n,2.32,0.4,0.44,-1040,453,-1040_453,VIIRS_SNPP_NRT_2023-07-12_1.csv
VIIRS_SNPP_NRT,VIIRS,N,2.0NRT,32.85626,-117.14725,2023-07-12T10:04:00Z,2023-07-12,N,n,0.15,0.43,0.46,-1041,432,-1041_432,VIIRS_SNPP_NRT_2023-07-12_1.csv
VIIRS_SNPP_NRT,VIIRS,N,2.0NRT,33.43157,-117.4058,2023-07-12T10:04:00Z,2023-07-12,N,n,0.55,0.41,0.45,-1043,439,-1043_439,VIIRS_SNPP_NRT_2023-07-12_1.csv
VIIRS_SNPP_NRT,VIIRS,N,2.0NRT,33.43246,-117.41001,2023-07-12T10:04:00Z,2023-07-12,N,n,2.96,0.41,0.45,-1043,439,-1043_439,VIIRS_SNPP_NRT_2023-07-12_1.csv
VIIRS_SNPP_NRT,VIIRS,N,2.0NRT,33.43648,-117.4087,2023-07-12T10:04:00Z,2023-07-12,N,n,0.34,0.41,0.45,-1043,439,-1043_439,VIIRS_SNPP_NRT_2023-07-12_1.csv
VIIRS_SNPP_NRT,VIIRS,N,2.0NRT,33.43679,-117.43046,2023-07-12T10:04:00Z,2023-07-12,N,n,0.79,0.41,0.45,-1043,439,-1043_439,VIIRS_SNPP_NRT_2023-07-12_1.csv
VIIRS_SNPP_NRT,VIIRS,N,2.0NRT,34.14304,-117.42729,2023-07-12T10:04:00Z,2023-07-12,N,n,0.14,0.4,0.44,-1043,447,-1043_447,VIIRS_SNPP_NRT_2023-07-12_1.csv
VIIRS_SNPP_NRT,VIIRS,N,2.0NRT,34.60705,-117.33797,2023-07-12T10:04:00Z,2023-07-12,N,n,2.28,0.39,0.44,-1043,453,-1043_453,VIIRS_SNPP_NRT_2023-07-12_1.csv
VIIRS_SNPP_NRT,VIIRS,N,2.0NRT,33.79353,-117.4776,2023-07-12T10:04:00Z,2023-07-12,N,n,0.74,0.4,0.44,-1044,443,-1044_443,VIIRS_SNPP_NRT_2023-07-12_1.csv
VIIRS_SNPP_NRT,VIIRS,N,2.0NRT,33.71592,-117.71153,2023-07-12T10:04:00Z,2023-07-12,N,n,0.96,0.39,0.44,-1046,442,-1046_442,VIIRS_SNPP_NRT_2023-07-12_1.csv
VIIRS_SNPP_NRT,VIIRS,N,2.0NRT,33.61237,-117.82366,2023-07-12T10:04:00Z,2023-07-12,N,n,0.67,0.39,0.44,-1047,441,-1047_441,VIIRS_SNPP_NRT_2023-07-12_1.csv
VIIRS_SNPP_NRT,VIIRS,N,2.0NRT,34.15349,-118.19503,2023-07-12T10:04:00Z,2023-07-12,N,n,1.79,0.54,0.42,-1050,447,-1050_447,VIIRS_SNPP_NRT_2023-07-12_1.csv
VIIRS_SNPP_NRT,VIIRS,N,2.0NRT,33.85216,-118.33292,2023-07-12T10:04:00Z,2023-07-12,N,n,1.24,0.54,0.42,-1051,444,-1051_444,VIIRS_SNPP_NRT_2023-07-12_1.csv
VIIRS_SNPP_NRT,VIIRS,N,2.0NRT,34.32021,-118.51429,2023-07-12T10:04:00Z,2023-07-12,N,n,0.37,0.52,0.42,-1053,449,-1053_449,VIIRS_SNPP_NRT_2023-07-12_1.csv
VIIRS_SNPP_NRT,VIIRS,N,2.0NRT,34.32256,-118.52598,2023-07-12T10:04:00Z,2023-07-12,N,n,0.58,0.52,0.42,-1053,449,-1053_449,VIIRS_SNPP_NRT_2023-07-12_1.csv
VIIRS_SNPP_NRT,VIIRS,N,2.0NRT,34.33381,-118.52254,2023-07-12T10:04:00Z,2023-07-12,N,n,0.99,0.52,0.42,-1053,449,-1053_449,VIIRS_SNPP_NRT_2023-07-12_1.csv
VIIRS_SNPP_NRT,VIIRS,N,2.0NRT,34.42834,-118.64473,2023-07-12T10:04:00Z,2023-07-12,N,n,0.96,0.51,0.41,-1054,451,-1054_451,VIIRS_SNPP_NRT_2023-07-12_1.csv
VIIRS_SNPP_NRT,VIIRS,N,2.0NRT,34.42939,-118.64551,2023-07-12T10:04:00Z,2023-07-12,N,n,1.23,0.51,0.41,-1054,451,-1054_451,VIIRS_SNPP_NRT_2023-07-12_1.csv
VIIRS_SNPP_NRT,VIIRS,N,2.0NRT,34.52329,-118.58819,2023-07-12T10:04:00Z,2023-07-12,N,n,0.43,0.51,0.41,-1054,452,-1054_452,VIIRS_SNPP_NRT_2023-07-12_1.csv
VIIRS_SNPP_NRT,VIIRS,N,2.0NRT,34.5239,-118.58909,2023-07-12T10:04:00Z,2023-07-12,N,n,1.33,0.51,0.41,-1054,452,-1054_452,VIIRS_SNPP_NRT_2023-07-12_1.csv
VIIRS_SNPP_NRT,VIIRS,N,2.0NRT,34.81858,-118.75069,2023-07-12T10:04:00Z,2023-07-12,N,n,0.43,0.5,0.41,-1055,455,-1055_455,VIIRS_SNPP_NRT_2023-07-12_1.csv
VIIRS_SNPP_NRT,VIIRS,N,2.0NRT,34.29101,-118.80173,2023-07-12T10:04:00Z,2023-07-12,N,n,1.13,0.51,0.41,-1056,449,-1056_449,VIIRS_SNPP_NRT_2023-07-12_1.csv
VIIRS_SNPP_NRT,VIIRS,N,2.0NRT,36.87922,-119.21698,2023-07-12T10:04:00Z,2023-07-12,N,n,0.65,0.45,0.39,-1059,478,-1059_478,VIIRS_SNPP_NRT_2023-07-12_1.csv
VIIRS_SNPP_NRT,VIIRS,N,2.0NRT,37.75861,-119.56828,2023-07-12T10:04:00Z,2023-07-12,N,n,1.53,0.43,0.38,-1062,488,-1062_488,VIIRS_SNPP_NRT_2023-07-12_1.csv
VIIRS_SNPP_NRT,VIIRS,N,2.0NRT,37.76125,-119.56302,2023-07-12T10:04:00Z,2023-07-12,N,n,1.53,0.43,0.38,-1062,488,-1062_488,VIIRS_SNPP_NRT_2023-07-12_1.csv
VIIRS_SNPP_NRT,VIIRS,N,2.0NRT,37.76211,-119.56772,2023-07-12T10:04:00Z,2023-07-12,N,n,1.53,0.43,0.38,-1062,488,-1062_488,VIIRS_SNPP_NRT_2023-07-12_1.csv
VIIRS_SNPP_NRT,VIIRS,N,2.0NRT,37.76473,-119.56232,2023-07-12T10:04:00Z,2023-07-12,N,n,0.79,0.43,0.38,-1062,488,-1062_488,VIIRS_SNPP_NRT_2023-07-12_1.csv
VIIRS_SNPP_NRT,VIIRS,N,2.0NRT,35.57982,-119.64861,2023-07-12T10:04:00Z,2023-07-12,N,n,1.26,0.45,0.39,-1063,464,-1063_464,VIIRS_SNPP_NRT_2023-07-12_1.csv
VIIRS_SNPP_NRT,VIIRS,N,2.0NRT,39.49084,-119.62112,2023-07-12T10:04:00Z,2023-07-12,N,n,0.53,0.41,0.37,-1063,507,-1063_507,VIIRS_SNPP_NRT_2023-07-12_1.csv
VIIRS_SNPP_NRT,VIIRS,N,2.0NRT,38.73335,-120.80278,2023-07-12T10:04:00Z,2023-07-12,N,n,0.63,0.39,0.36,-1073,499,-1073_499,VIIRS_SNPP_NRT_2023-07-12_1.csv
VIIRS_SNPP_NRT,VIIRS,N,2.0NRT,37.88366,-121.18723,2023-07-12T10:04:00Z,2023-07-12,N,n,0.6,0.39,0.36,-1077,489,-1077_489,VIIRS_SNPP_NRT_2023-07-12_1.csv
VIIRS_SNPP_NRT,VIIRS,N,2.0NRT,37.1856,-121.6812,2023-07-12T10:04:00Z,2023-07-12,N,n,0.59,0.39,0.36,-1081,482,-1081_482,VIIRS_SNPP_NRT_2023-07-12_1.csv
VIIRS_SNPP_NRT,VIIRS,N,2.0NRT,37.75483,-121.66132,2023-07-12T10:04:00Z,2023-07-12,N,n,0.55,0.39,0.36,-1081,488,-1081_488,VIIRS_SNPP_NRT_2023-07-12_1.csv
VIIRS_SNPP_NRT,VIIRS,N,2.0NRT,37.21149,-121.90041,2023-07-12T10:04:00Z,2023-07-12,N,n,0.39,0.39,0.36,-1083,482,-1083_482,VIIRS_SNPP_NRT_2023-07-12_1.csv
VIIRS_SNPP_NRT,VIIRS,N,2.0NRT,37.45507,-121.93218,2023-07-12T10:04:00Z,2023-07-12,N,n,0.52,0.39,0.36,-1083,485,-1083_485,VIIRS_SNPP_NRT_2023-07-12_1.csv
VIIRS_SNPP_NRT,VIIRS,N,2.0NRT,38.01456,-122.11044,2023-07-12T10:04:00Z,2023-07-12,N,n,0.95,0.38,0.36,-1085,491,-1085_491,VIIRS_SNPP_NRT_2023-07-12_1.csv
VIIRS_SNPP_NRT,VIIRS,N,2.0NRT,38.01526,-122.11479,2023-07-12T10:04:00Z,2023-07-12,N,n,0.95,0.38,0.36,-1085,491,-1085_491,VIIRS_SNPP_NRT_2023-07-12_1.csv
VIIRS_SNPP_NRT,VIIRS,N,2.0NRT,38.07014,-122.13699,2023-07-12T10:04:00Z,2023-07-12,N,n,0.83,0.38,0.36,-1085,491,-1085_491,VIIRS_SNPP_NRT_2023-07-12_1.csv
VIIRS_SNPP_NRT,VIIRS,N,2.0NRT,38.16154,-122.56596,2023-07-12T10:04:00Z,2023-07-12,N,n,0.49,0.38,0.36,-1089,492,-1089_492,VIIRS_SNPP_NRT_2023-07-12_1.csv
VIIRS_SNPP_NRT,VIIRS,N,2.0NRT,38.30185,-122.75002,2023-07-12T10:04:00Z,2023-07-12,N,n,0.64,0.38,0.36,-1091,494,-1091_494,VIIRS_SNPP_NRT_2023-07-12_1.csv
VIIRS_SNPP_NRT,VIIRS,N,2.0URT,32.22922,-115.0169,2023-07-12T19:42:00Z,2023-07-12,D,n,3.64,0.7,0.7,-1022,425,-1022_425,VIIRS_SNPP_NRT_2023-07-12_1.csv
VIIRS_SNPP_NRT,VIIRS,N,2.0URT,32.23575,-115.01949,2023-07-12T19:42:00Z,2023-07-12,D,n,5.09,0.7,0.7,-1022,425,-1022_425,VIIRS_SNPP_NRT_2023-07-12_1.csv
VIIRS_SNPP_NRT,VIIRS,N,2.0URT,33.79657,-114.46552,2023-07-12T19:43:00Z,2023-07-12,D,n,13.21,0.6,0.7,-1017,443,-1017_443,VIIRS_SNPP_NRT_2023-07-12_1.csv
VIIRS_SNPP_NRT,VIIRS,N,2.0URT,32.23078,-115.01924,2023-07-12T19:43:00Z,2023-07-12,D,n,9.79,0.7,0.7,-1022,425,-1022_425,VIIRS_SNPP_NRT_2023-07-12_1.csv
VIIRS_SNPP_NRT,VIIRS,N,2.0URT,32.48154,-115.14564,2023-07-12T19:43:00Z,2023-07-12,D,h,13.49,0.7,0.7,-1023,428,-1023_428,VIIRS_SNPP_NRT_2023-07-12_1.csv
VIIRS_SNPP_NRT,VIIRS,N,2.0URT,32.48808,-115.14825,2023-07-12T19:43:00Z,2023-07-12,D,n,9.58,0.7,0.7,-1023,428,-1023_428,VIIRS_SNPP_NRT_2023-07-12_1.csv
VIIRS_SNPP_NRT,VIIRS,N,2.0URT,35.5584,-115.46896,2023-07-12T19:43:00Z,2023-07-12,D,l,3.45,0.6,0.7,-1026,463,-1026_463,VIIRS_SNPP_NRT_2023-07-12_1.csv
VIIRS_SNPP_NRT,VIIRS,N,2.0URT,35.55886,-115.47186,2023-07-12T19:43:00Z,2023-07-12,D,n,7.28,0.6,0.7,-1026,463,-1026_463,VIIRS_SNPP_NRT_2023-07-12_1.csv
VIIRS_SNPP_NRT,VIIRS,N,2.0URT,35.57533,-115.48199,2023-07-12T19:43:00Z,2023-07-12,D,n,4.85,0.6,0.7,-1026,464,-1026_464,VIIRS_SNPP_NRT_2023-07-12_1.csv
VIIRS_SNPP_NRT,VIIRS,N,2.0URT,35.57581,-115.48477,2023-07-12T19:43:00Z,2023-07-12,D,n,6.72,0.6,0.7,-1026,464,-1026_464,VIIRS_SNPP_NRT_2023-07-12_1.csv
VIIRS_SNPP_NRT,VIIRS,N,2.0URT,32.29231,-116.28671,2023-07-12T19:43:00Z,2023-07-12,D,n,15.17,0.8,0.8,-1033,426,-1033_426,VIIRS_SNPP_NRT_2023-07-12_1.csv
VIIRS_SNPP_NRT,VIIRS,N,2.0URT,32.29509,-116.2902,2023-07-12T19:43:00Z,2023-07-12,D,n,12.61,0.8,0.8,-1033,426,-1033_426,VIIRS_SNPP_NRT_2023-07-12_1.csv
VIIRS_SNPP_NRT,VIIRS,N,2.0URT,32.29783,-116.28127,2023-07-12T19:43:00Z,2023-07-12,D,n,12.61,0.8,0.8,-1033,426,-1033_426,VIIRS_SNPP_NRT_2023-07-12_1.csv
VIIRS_SNPP_NRT,VIIRS,N,2.0URT,32.29856,-116.29165,2023-07-12T19:43:00Z,2023-07-12,D,n,15.17,0.8,0.8,-1033,426,-1033_426,VIIRS_SNPP_NRT_2023-07-12_1.csv
VIIRS_SNPP_NRT,VIIRS,N,2.0URT,32.30125,-116.28268,2023-07-12T19:43:00Z,2023-07-12,D,n,19.57,0.8,0.8,-1033,426,-1033_426,VIIRS_SNPP_NRT_2023-07-12_1.csv
VIIRS_SNPP_NRT,VIIRS,N,2.0URT,32.26811,-116.36712,2023-07-12T19:43:00Z,2023-07-12,D,h,23.32,0.8,0.8,-1034,425,-1034_425,VIIRS_SNPP_NRT_2023-07-12_1.csv
VIIRS_SNPP_NRT,VIIRS,N,2.0URT,32.27083,-116.36922,2023-07-12T19:43:00Z,2023-07-12,D,h,13.58,0.8,0.8,-1034,425,-1034_425,VIIRS_SNPP_NRT_2023-07-12_1.csv
